<core:FragmentDefinition xmlns:core="sap.ui.core" xmlns:mvc="sap.ui.core.mvc" xmlns="sap.m" xmlns:l="sap.ui.layout"
	xmlns:f="sap.ui.layout.form">
	<Dialog id="dlgMapa" contentWidth="640px" title="Mapa">
				<content>
					<FlexBox alignItems="Center" justifyContent="Center">
						<Image width="100%" src="https://www.tiendasinfo.mx/tiendas-mapa/plaza-rio-tijuana"></Image>
					</FlexBox>
				</content>
				<beginButton>
					<Button press="onCloseMapa" text="Cerrar"/>
				</beginButton>
			</Dialog>
</core:FragmentDefinition>