<core:FragmentDefinition 
	xmlns:core="sap.ui.core" 
	xmlns:mvc="sap.ui.core.mvc" 
	xmlns="sap.m" 
	xmlns:l="sap.ui.layout" 
	xmlns:f="sap.ui.layout.form">
	<Dialog id="dlgGuiaRemision" title="Ingrese la GR del proveedor">
		<content>
			<FlexBox alignItems="Center" justifyContent="Center">
				<Input 
				valueLiveUpdate="true"
				valueStateText="{ path: '/Guia/valor', formatter: '.formatter.guia.stateMessage' }" 
				valueState="{ path: '/Guia/valor', formatter: '.formatter.guia.state' }" 
				value="{path: '/Guia/valor'}"></Input>
			</FlexBox>
		</content>
		<beginButton>
			<Button press="onCancelarGuia" text="Cancelar"/>
		</beginButton>
		<endButton>
			<Button press="onRecepcionar" text="Aceptar"/>
		</endButton>
	</Dialog>
</core:FragmentDefinition>