<core:FragmentDefinition xmlns:core="sap.ui.core" xmlns:mvc="sap.ui.core.mvc" xmlns="sap.m" xmlns:l="sap.ui.layout"
	xmlns:f="sap.ui.layout.form">
	<Dialog id="dlgUbicaciones" contentWidth="320px" title="Ubicaciones">
		<content>
			<RadioButtonGroup columns="2" width="100%">
				<buttons>
					<RadioButton id="rbManual" select="changeCheckUbicacion" text="Manual" selected="true"/>
					<RadioButton id="rbQR" select="changeCheckUbicacion" text="Codigo QR"/>
				</buttons>
			</RadioButtonGroup>
			<NavContainer id="navUbicacion" width="100%" height="250px" initialPage="pgManual">
				<pages>
					<Page showHeader="false" id="pgManual">
						<content>
							<f:Form editable="true">
								<f:layout>
									<f:ResponsiveGridLayout labelSpanL="3" labelSpanM="3" labelSpanXL="3" labelSpanS="4" columnsL="1" columnsM="1" columnsXL="1"/>
								</f:layout>
								<f:formContainers>
									<f:FormContainer>
										<f:formElements>
											<f:FormElement label="Zona">
												<f:fields>
													<Select id="cboZona" items="{ path: '/Zonas' }">
														<core:Item key="{Codigo}" text="{Descripcion}"/>
													</Select>
												</f:fields>
											</f:FormElement>
											<f:FormElement visible="{= ${/tipoUbicacion} !== 'S' }" label="Mueble">
												<f:fields>
													<Select id="cboMueble" items="{ path: '/Muebles' }">
														<core:Item key="{Codigo}" text="{Descripcion}"/>
													</Select>
												</f:fields>
											</f:FormElement>
											<f:FormElement visible="{= ${/tipoUbicacion} !== 'S' }" label="Sección">
												<f:fields>
													<Select id="cboSeccion" items="{ path: '/Secciones' }">
														<core:Item key="{Codigo}" text="{Descripcion}"/>
													</Select>
												</f:fields>
											</f:FormElement>
										</f:formElements>
									</f:FormContainer>
								</f:formContainers>
							</f:Form>
						</content>
						<footer>
							<Toolbar>
								<Button press="onCloseUbicaciones" text="Cancelar"></Button>
								<ToolbarSpacer/>
								<Button press="onCloseUbicaciones" text="Aceptar"></Button>
							</Toolbar>
						</footer>
					</Page>
					<Page showHeader="false" id="pgQR">
						<content>
							<f:Form editable="true">
								<f:layout>
									<f:ResponsiveGridLayout labelSpanL="3" labelSpanM="3" labelSpanXL="3" labelSpanS="4" columnsL="1" columnsM="1" columnsXL="1"/>
								</f:layout>
								<f:formContainers>
									<f:FormContainer>
										<f:formElements>
											<f:FormElement label="Codigo QR">
												<f:fields>
													<Input enabled="false" value="Z002M004S003"/>
												</f:fields>
											</f:FormElement>
										</f:formElements>
									</f:FormContainer>
								</f:formContainers>
							</f:Form>
							<FlexBox alignContent="Center" justifyContent="Center">
								<Button text="Capturar QR"></Button>
							</FlexBox>
						</content>
						<footer>
							<Toolbar>
								<Button press="onCloseUbicaciones" text="Cancelar"></Button>
								<ToolbarSpacer/>
								<Button press="onCloseUbicaciones" text="Aceptar"></Button>
							</Toolbar>
						</footer>
					</Page>
				</pages>
			</NavContainer>
		</content>
	</Dialog>
</core:FragmentDefinition>