<core:FragmentDefinition xmlns:core="sap.ui.core" xmlns:mvc="sap.ui.core.mvc" xmlns="sap.m" xmlns:l="sap.ui.layout"
	xmlns:f="sap.ui.layout.form">
	<Panel>
		<f:Form editable="true">
			<f:layout>
				<f:ResponsiveGridLayout labelSpanL="12" labelSpanM="12" labelSpanXL="12" labelSpanS="12" columnsL="3" columnsM="3" columnsXL="3"/>
			</f:layout>
			<f:formContainers>
				<f:FormContainer>
					<f:formElements>
						<f:FormElement label="Tipo documento">
							<f:fields>
								<Select 
								valueStateText="{ path: '/Filtro/TipoDocumento', formatter: '.formatter.tipoDocumento.stateMessage' }" 
								valueState="{ path: '/Filtro/TipoDocumento', formatter: '.formatter.tipoDocumento.state' }"
								selectedKey="{path: '/Filtro/TipoDocumento'}">
									<core:Item key="" text="-- Seleccione --"/>
									<core:Item key="1" text="N° Entrega"/>
									<core:Item key="2" text="N° Folio"/>
								</Select>
							</f:fields>
						</f:FormElement>
					</f:formElements>
				</f:FormContainer>
				<f:FormContainer>
					<f:formElements>
						<f:FormElement visible="{= ${/Filtro/TipoDocumento} === '1' }" label="N° de entrega">
							<f:fields>
								<Input
								valueLiveUpdate="true"
								change="changeInput"
								valueStateText="{ path: '/Filtro/NroEntrega', formatter: '.formatter.entrega.validacionMessage' }" 
								valueState="{ path: '/Filtro/NroEntrega', formatter: '.formatter.entrega.validacionState' }"
								value="{path: '/Filtro/NroEntrega'}"></Input>
							</f:fields>
						</f:FormElement>
						<f:FormElement visible="{= ${/Filtro/TipoDocumento} === '2' }" label="N° de folio">
							<f:fields>
								<Input
								valueLiveUpdate="true" type="Number"
								valueStateText="{ path: '/Filtro/NroEntrega', formatter: '.formatter.folio.stateMessage' }" 
								valueState="{ path: '/Filtro/NroEntrega', formatter: '.formatter.folio.state' }"
								value="{path: '/Filtro/NroEntrega'}"></Input>
							</f:fields>
						</f:FormElement>
					</f:formElements>
				</f:FormContainer>
				<f:FormContainer>
					<f:formElements>
						<f:FormElement label=" ">
							<f:fields>
								<Button press="onSearchMateriales" icon="sap-icon://search">
									<layoutData>
										<l:GridData span="L3 M3 S6"/>
									</layoutData>
								</Button>
							</f:fields>
						</f:FormElement>
					</f:formElements>
				</f:FormContainer>
			</f:formContainers>
		</f:Form>
	</Panel>
</core:FragmentDefinition>