<core:FragmentDefinition xmlns:core="sap.ui.core" xmlns:mvc="sap.ui.core.mvc" xmlns="sap.m" xmlns:l="sap.ui.layout"
	xmlns:f="sap.ui.layout.form">
	<Panel>
		<Table inset="false" items="{ path: '/Materiales' , sorter: { path: 'Posicion' }}">
			<columns>
				<Column width="80px" demandPopin="false">
					<CheckBox select="onCheckMateriales" id="checkMateriales" selected="false"/>
				</Column>
				<Column demandPopin="false">
					<Text textAlign="Center" text="Material"/>
				</Column>
				<Column width="120px" demandPopin="false">
					<Text textAlign="Center" text="Cantidad"/>
				</Column>
			</columns>
			<items>
				<ColumnListItem>
					<cells>
						<CheckBox selected="{Seleccionado}"/>
						<ObjectIdentifier  title="{ path: 'CodMaterial', formatter: '.formatter.material.display' }" text="{Material}"/>
						<Text class="TextMiddleTable" textAlign="Center" text="{Cantidad} {UM}"/>
					</cells>
				</ColumnListItem>
			</items>
		</Table>
	</Panel>
</core:FragmentDefinition>